"id";"case_id";"queue";"template_name";"operators";"queue_trace"
"8351";"2000476114";"Verify";"Pall India Pvt Ltd";NULL;"Verify"
"8352";"2000476115";"Verify";"HAMS BIOTECH PVT LTD ";NULL;"Verify"
"8353";"2000476116";"Verify";"Pall India Pvt Ltd";NULL;"Verify"
"8354";"2000476117";"Verify";"Maa Santhoshi Fire  Safe";NULL;"Verify"
"8355";"2000476118";"Verify";"Maa Santhoshi Fire  Safe";NULL;"Verify"
"8356";"2000476119";"Verify";"Visakha Industrial Gases Pvt. Ltd";NULL;"Verify"
"8357";"2000476120";"Verify";"value chain solutions pvt ltd";NULL;"Template Exceptions,Verify"
"8358";"2000476121";"Verify";"Entire Printers";NULL;"Verify"
"8359";"2000476122";"Verify";"Visakha Industrial Gases Pvt. Ltd";NULL;"Verify"
"8360";"2000476123";"Verify";"Maa Santhoshi Fire  Safe";NULL;"Verify"
"8361";"2000476124";"Verify";"Entire Printers";NULL;"Verify"
"8362";"2000476125";"Verify";"Sri Maruthi Packagings";NULL;"Verify"
"8363";"2000476126";"Approved";"Primitive Industrial Engineering Solutions";NULL;"Template Exceptions,Verify,Approved"
"8364";"2000476127";"Verify";"Entire Printers";NULL;"Verify"
"8365";"2000476128";"Verify";"Maa Santhoshi Fire  Safe";NULL;"Verify"
"8366";"2000476129";"Approved";"pharmasecure pas india pvt ltd";NULL;"Template Exceptions,Verify,Approved"
"8367";"2000476130";"Verify";"Sri Maruthi Packagings";NULL;"Verify"
"8368";"2000476131";"Verify";"Sri Maruthi Packagings";NULL;"Verify"
"8369";"2000476132";"Verify";"Sri Maruthi Packagings";NULL;"Verify"
"8370";"2000476133";"Verify";"Sri Maruthi Packagings";NULL;"Verify"
"8371";"2000476134";"Verify";"Sri Maruthi Packagings";NULL;"Verify"
"8372";"2000476135";"Verify";"Venkatasai Lifesciences";NULL;"Template Exceptions,Verify"
"8373";"2000476136";"Verify";"Sri Maruthi Packagings";NULL;"Verify"
"8374";"2000476137";"Verify";"Pragati Poly Plast India Pvt Ltd";NULL;"Verify"
"8375";"2000476138";"Verify";"Pragati Poly Plast India Pvt Ltd";NULL;"Verify"
"8376";"2000476139";"Verify";"Pragati Poly Plast India Pvt Ltd";NULL;"Verify"
"8377";"2000476140";"Verify";"Sri Maruthi Packagings";NULL;"Verify"
"8378";"2000476141";"Failed";NULL;NULL;NULL
"8379";"2000476142";"Approved";"FEC India Private Limited";NULL;"Template Exceptions,Verify,Approved"
"8380";"2000476143";"Approved";"AZTEC Consulting";NULL;"Template Exceptions,Verify,Approved"
"8381";"2000476144";"Verify";"Pragati Poly Plast India Pvt Ltd";NULL;"Verify"
"8382";"2000476145";"Verify";"Sri Maruthi Packagings";NULL;"Verify"
"8383";"2000476146";"Verify";"Ambika Enterprises";NULL;"Template Exceptions,Verify"
"8384";"2000476147";"Verify";"Sri Maruthi Packagings";NULL;"Verify"
"8385";"2000476148";"Verify";"Ambika Enterprises";NULL;"Template Exceptions,Verify"
"8386";"2000476149";"Verify";"Ambika Enterprises";NULL;"Template Exceptions,Verify"
"8387";"2000476150";"Approved";"Ultra Instruments";NULL;"Template Exceptions,Verify,Approved"
"8388";"2000476151";"Verify";"Sri Maruthi Packagings";NULL;"Verify"
"8389";"2000476152";"Verify";"Mettler Toledo India Pvt Ltd";NULL;"Verify"
"8390";"2000476153";"Verify";"Sri Maruthi Packagings";NULL;"Verify"
"8391";"2000476154";"Verify";"Sri Maruthi Packagings";NULL;"Verify"
"8392";"2000476155";"Template Exceptions";NULL;NULL;"Template Exceptions"
"8393";"2000476156";"Verify";"Clean Air Technologies";NULL;"Template Exceptions,Verify"
"8394";"2000476157";"Verify";"Clean Air Technologies";NULL;"Template Exceptions,Verify"
"8395";"2000476158";"Verify";"Synergene Active Ingredients Pvt. L";NULL;"Verify"
"8396";"2000476159";"Verify";"GKR Constructions";NULL;"Verify"
"8397";"2000476160";"Verify";"GKR Constructions";NULL;"Verify"
"8398";"2000476161";"Verify";"Signet Projects Private Limited";NULL;"Template Exceptions,Verify"
"8399";"2000476162";"Template Exceptions";NULL;NULL;"Template Exceptions"
"8400";"2000476163";"Verify";"Sai Lukshmi Aparna Associates";NULL;"Template Exceptions,Verify"
"8401";"2000476164";"Verify";"Sai Lukshmi Aparna Associates";NULL;"Template Exceptions,Verify"
"8402";"2000476165";"Verify";"Sai Lukshmi Aparna Associates";NULL;"Template Exceptions,Verify"
"8403";"2000476166";"Verify";"bioneeds india pvt ltd";NULL;"Template Exceptions,Verify"
"8404";"2000476167";"Verify";"Sai Lukshmi Aparna Associates";NULL;"Template Exceptions,Verify"
"8405";"2000476168";"Quality Control";"CTX Lifesciences Pvt. Ltd.";NULL;"Template Exceptions,Verify,Quality Control"
"8406";"2000476169";"Template Exceptions";NULL;NULL;"Template Exceptions"
"8407";"2000476170";"Verify";"CTX Lifesciences Pvt. Ltd.";NULL;"Template Exceptions,Verify"
"8408";"2000476171";"Template Exceptions";NULL;NULL;"Template Exceptions"
"8409";"2000476172";"Verify";"Ways Automation";NULL;"Verify"
"8410";"2000476173";"Template Exceptions";NULL;NULL;"Template Exceptions"
"8411";"2000476174";"Verify";"CTX Lifesciences Pvt. Ltd.";NULL;"Template Exceptions,Verify"
"8412";"2000476175";"Template Exceptions";NULL;NULL;"Template Exceptions"
"8413";"2000476176";"Template Exceptions";NULL;NULL;"Template Exceptions"
"8414";"2000476177";"Template Exceptions";NULL;NULL;"Template Exceptions"
"8415";"2000476178";"Template Exceptions";NULL;NULL;"Template Exceptions"
"8416";"2000476179";"Template Exceptions";NULL;NULL;"Template Exceptions"
"8417";"2000476180";"Approved";"Sruthi Associates";NULL;"Template Exceptions,Verify,Approved"
"8418";"2000476181";"Approved";"machinfabrik industries pvt ltd";NULL;"Template Exceptions,Verify,Approved"
"8419";"2000476182";"Verify";"machinfabrik industries pvt ltd";NULL;"Template Exceptions,Verify"
"8420";"2000476183";"Template Exceptions";NULL;NULL;"Template Exceptions"
"8421";"2000476184";"Verify";"Nexogenix In-Corporation";NULL;"Template Exceptions,Verify"
"8422";"2000476185";"Verify";"Armstrong International Pvt. Ltd.";NULL;"Verify"
"8423";"2000476186";"Verify";"Mahatha Petroleum Pvt Ltd.";NULL;"Verify"
"8424";"2000476187";"Verify";"RS Engineers";NULL;"Verify"
"8425";"2000476188";"Verify";"blue galaxy";NULL;"Template Exceptions,Verify"
"8426";"2000476189";"Verify";"RS Engineers";NULL;"Verify"
"8427";"2000476190";"Approved";"Thermolab Sales  Services Pvt.Ltd.";NULL;"Verify,Approved"
"8428";"2000476191";"Approved";"Thermolab Sales  Services Pvt.Ltd.";NULL;"Verify,Approved"
"8429";"2000476192";"Verify";"Multisorb Technologies Inc";NULL;"Template Exceptions,Verify"
"8430";"2000476193";"Verify";"ALL-TEC Power Solutions";NULL;"Template Exceptions,Verify"
"8431";"2000476194";"Verify";"ALL-TEC Power Solutions";NULL;"Template Exceptions,Verify"
"8432";"2000476195";"Template Exceptions";NULL;NULL;"Template Exceptions"
"8433";"2000476196";"Verify";"SODEXO FACILITIES MANAGEMENT SERVIC";NULL;"Template Exceptions,Verify"
"8434";"2000476197";"Template Exceptions";NULL;NULL;"Template Exceptions"
"8435";"2000476198";"Verify";"Global Services";NULL;"Template Exceptions,Verify"
"8436";"2000476199";"Verify";"Multisorb Technologies Inc";NULL;"Template Exceptions,Verify"
"8437";"2000476200";"Verify";"Pragati Pack (India) Pvt Ltd";NULL;"Verify"
"8438";"2000476201";"Verify";"Connell Bros Company India Pvt Ltd";NULL;"Verify"
"8439";"2000476202";"Verify";"EKS Filter Technik (I) Pvt. Ltd.";NULL;"Template Exceptions,Verify"
"8440";"2000476203";"Verify";"MARUTHI RADIUM DECORATORS";NULL;"Verify"
"8441";"2000476204";"Verify";"Pragati Pack (India) Pvt Ltd";NULL;"Verify"
"8442";"2000476205";"Verify";"Alutop";NULL;"Template Exceptions,Verify"
"8443";"2000476206";"Approved";"Thermolab Sales  Services Pvt.Ltd.";NULL;"Verify,Approved"
"8444";"2000476207";"Verify";"Browncor Pac Private Limited";NULL;"Template Exceptions,Verify"
"8445";"2000476208";"Verify";"SODEXO FACILITIES MANAGEMENT SERVIC";NULL;"Template Exceptions,Verify"
"8446";"2000476209";"Verify";"Nalco Water India Limited";NULL;"Verify"
"8447";"2000476210";"Approved";"Thermolab Sales  Services Pvt.Ltd.";NULL;"Verify,Approved"
"8448";"2000476211";"Template Exceptions";NULL;NULL;"Template Exceptions"
"8449";"2000476212";"Template Exceptions";NULL;NULL;"Template Exceptions"
"8450";"2000476213";"Verify";"MARUTHI RADIUM DECORATORS";NULL;"Verify"
"8451";"2000476214";"Approved";"Thermolab Sales  Services Pvt.Ltd.";NULL;"Verify,Approved"
"8452";"2000476215";"Verify";"Pragati Pack (India) Pvt Ltd";NULL;"Verify"
"8453";"2000476216";"Verify";"Nalco Water India Limited";NULL;"Verify"
"8454";"2000476217";"Template Exceptions";NULL;NULL;"Template Exceptions"
"8455";"2000476218";"Template Exceptions";NULL;NULL;"Template Exceptions"
"8456";"2000476219";"Verify";"Laxmi Organic Industries Ltd";NULL;"Verify"
"8457";"2000476220";"Verify";"Jekson Vision Pvt Ltd";NULL;"Verify"
"8458";"2000476221";"Verify";"Connell Bros Company India Pvt Ltd";NULL;"Verify"
"8459";"2000476222";"Template Exceptions";NULL;NULL;"Template Exceptions"
"8460";"2000476223";"Approved";"Thermolab Sales  Services Pvt.Ltd.";NULL;"Verify,Approved"
"8461";"2000476224";"Template Exceptions";NULL;NULL;"Template Exceptions"
"8462";"2000476225";"Verify";"Connell Bros Company India Pvt Ltd";NULL;"Verify"
"8463";"2000476226";"Template Exceptions";NULL;NULL;"Template Exceptions"
"8464";"2000476227";"Template Exceptions";NULL;NULL;"Template Exceptions"
"8465";"2000476228";"Verify";"Origami Cellulo Pvt.Ltd.";NULL;"Verify"
"8466";"2000476229";"Verify";"FourC Healthvistas Pvt Ltd";NULL;"Verify"
"8467";"2000476230";"Verify";"Vital Therapeutics & Formulations";NULL;"Verify"
"8468";"2000476231";"Verify";"Oorja Technical Services Pvt Ltd";NULL;"Verify"
"8469";"2000476232";"Verify";"MARUTHI RADIUM DECORATORS";NULL;"Verify"
"8470";"2000476233";"Template Exceptions";NULL;NULL;"Template Exceptions"
"8471";"2000476234";"Template Exceptions";NULL;NULL;"Template Exceptions"
"8472";"2000476235";"Verify";"Connell Bros Company India Pvt Ltd";NULL;"Verify"
"8473";"2000476236";"Template Exceptions";NULL;NULL;"Template Exceptions"
"8474";"2000476237";"Verify";"Thermolab Sales  Services Pvt.Ltd.";NULL;"Verify"
"8475";"2000476238";"Template Exceptions";NULL;NULL;"Template Exceptions"
"8476";"2000476239";"Template Exceptions";NULL;NULL;"Template Exceptions"
"8477";"2000476240";"Template Exceptions";NULL;NULL;"Template Exceptions"
"8478";"2000476241";"Verify";"FourC Healthvistas Pvt Ltd";NULL;"Verify"
"8479";"2000476242";"Verify";"Oorja Technical Services Pvt Ltd";NULL;"Verify"
"8480";"2000476243";"Template Exceptions";NULL;NULL;"Template Exceptions"
"8481";"2000476244";"Template Exceptions";NULL;NULL;"Template Exceptions"
"8482";"2000476245";"Template Exceptions";NULL;NULL;"Template Exceptions"
"8483";"2000476246";"Approved";"Thermolab Sales  Services Pvt.Ltd.";NULL;"Verify,Approved"
"8484";"2000476247";"Template Exceptions";NULL;NULL;"Template Exceptions"
"8485";"2000476248";"Template Exceptions";NULL;NULL;"Template Exceptions"
"8486";"2000476249";"Template Exceptions";NULL;NULL;"Template Exceptions"
"8487";"2000476250";"Verify";"Vijayasri Organics";NULL;"Verify"
"8488";"2000476251";"Template Exceptions";NULL;NULL;"Template Exceptions"
"8489";"2000476252";"Quality Control";"Vijayasri Organics";NULL;"Verify,Quality Control"
"8490";"2000476253";"Approved";"Vijayasri Organics";NULL;"Verify,Approved"
"8491";"2000476254";"Verify";"Shreeji Enterprises";NULL;"Verify"
"8492";"2000476255";"Verify";"Bilcare Limited";NULL;"Verify"
"8493";"2000476256";"Template Exceptions";NULL;NULL;"Template Exceptions"
"8494";"2000476257";"Verify";"Epicons Consultants Pvt.Ltd";NULL;"Verify"
"8495";"2000476258";"Verify";"Mettler Toledo India Pvt Ltd";NULL;"Verify"
"8496";"2000476259";"Template Exceptions";NULL;NULL;"Template Exceptions"
"8497";"2000476260";"Template Exceptions";NULL;NULL;"Template Exceptions"
"8498";"2000476261";"Template Exceptions";NULL;NULL;"Template Exceptions"
"8499";"2000476262";"Verify";"Swan Biotec Pvt Ltd";NULL;"Verify"
"8500";"2000476263";"Verify";"Swan Biotec Pvt Ltd";NULL;"Verify"
"8501";"2000476264";"Verify";"Pragati Pack (India) Pvt Ltd";NULL;"Verify"
"8502";"2000476265";"Verify";"River Route Creative Group LLP";NULL;"Verify"
"8503";"2000476266";"Verify";"Pragati Pack (India) Pvt Ltd";NULL;"Verify"
"8504";"2000476267";"Verify";"RS Engineers";NULL;"Verify"
"8505";"2000476268";"Verify";"Pragati Pack (India) Pvt Ltd";NULL;"Verify"
"8506";"2000476269";"Verify";"RS Engineers";NULL;"Verify"
"8507";"2000476270";"Template Exceptions";NULL;NULL;"Template Exceptions"
"8508";"2000476271";"Verify";"Signet Chemical Corporation Pvt Ltd";NULL;"Verify"
"8509";"2000476272";"Verify";"Pragati Pack (India) Pvt Ltd";NULL;"Verify"
"8510";"2000476273";"Verify";"Signet Chemical Corporation Pvt Ltd";NULL;"Verify"
"8511";"2000476274";"Verify";"Pragati Pack (India) Pvt Ltd";NULL;"Verify"
"8512";"2000476275";"Verify";"Signet Chemical Corporation Pvt Ltd";NULL;"Verify"
"8513";"2000476276";"Verify";"Pragati Pack (India) Pvt Ltd";NULL;"Verify"
"8514";"2000476277";"Verify";"Pragati Pack (India) Pvt Ltd";NULL;"Verify"
"8515";"2000476278";"Verify";"Signet Chemical Corporation Pvt Ltd";NULL;"Verify"
"8516";"2000476279";"Verify";"Signet Chemical Corporation Pvt Ltd";NULL;"Verify"
"8517";"2000476280";"Verify";"Pragati Pack (India) Pvt Ltd";NULL;"Verify"
"8518";"2000476281";"Verify";"Signet Chemical Corporation Pvt Ltd";NULL;"Verify"
"8519";"2000476282";"Verify";"S.M. Enterprises";NULL;"Verify"
"8520";"2000476283";"Verify";"Pragati Pack (India) Pvt Ltd";NULL;"Verify"
"8521";"2000476284";"Verify";"Signet Chemical Corporation Pvt Ltd";NULL;"Verify"
"8522";"2000476285";"Template Exceptions";NULL;NULL;"Template Exceptions"
"8523";"2000476286";"Template Exceptions";NULL;NULL;"Template Exceptions"
"8524";"2000476287";"Verify";"Signet Chemical Corporation Pvt Ltd";NULL;"Verify"
"8525";"2000476288";"Verify";"Signet Chemical Corporation Pvt Ltd";NULL;"Verify"
"8526";"2000476289";"Verify";"Signet Chemical Corporation Pvt Ltd";NULL;"Verify"
"8527";"2000476290";"Template Exceptions";NULL;NULL;"Template Exceptions"
"8528";"2000476291";"Verify";"Signet Chemical Corporation Pvt Ltd";NULL;"Verify"
"8529";"2000476292";"Verify";"Signet Chemical Corporation Pvt Ltd";NULL;"Verify"
"8530";"2000476293";"Verify";"Mohan Process";NULL;"Verify"
"8531";"2000476294";"Template Exceptions";NULL;NULL;"Template Exceptions"
"8532";"2000476295";"Verify";"Signet Chemical Corporation Pvt Ltd";NULL;"Verify"
"8533";"2000476296";"Verify";"Chromatography World";NULL;"Verify"
"8534";"2000476297";"Template Exceptions";NULL;NULL;"Template Exceptions"
"8535";"2000476298";"Template Exceptions";NULL;NULL;"Template Exceptions"
"8536";"2000476299";"Verify";"Chromatography World";NULL;"Verify"
"8537";"2000476300";"Template Exceptions";NULL;NULL;"Template Exceptions"
"8538";"2000476301";"Verify";"MARUTHI RADIUM DECORATORS";NULL;"Verify"
"8539";"2000476302";"Template Exceptions";NULL;NULL;"Template Exceptions"
"8540";"2000476303";"Verify";"Pragati Pack (India) Pvt Ltd";NULL;"Verify"
"8541";"2000476304";"Template Exceptions";NULL;NULL;"Template Exceptions"
"8542";"2000476305";"Template Exceptions";NULL;NULL;"Template Exceptions"
"8543";"2000476306";"Template Exceptions";NULL;NULL;"Template Exceptions"
"8544";"2000476307";"Template Exceptions";NULL;NULL;"Template Exceptions"
"8545";"2000476308";"Verify";"MARUTHI RADIUM DECORATORS";NULL;"Verify"
"8546";"2000476309";"Template Exceptions";NULL;NULL;"Template Exceptions"
"8547";"2000476310";"Template Exceptions";NULL;NULL;"Template Exceptions"
"8548";"2000476311";"Template Exceptions";NULL;NULL;"Template Exceptions"
"8549";"2000476312";"Verify";"Jekson Vision Pvt Ltd";NULL;"Verify"
"8550";"2000476313";"Template Exceptions";NULL;NULL;"Template Exceptions"
"8551";"2000476314";"Template Exceptions";NULL;NULL;"Template Exceptions"
"8552";"2000476315";"Verify";"HAMS BIOTECH PVT LTD ";NULL;"Verify"
"8553";"2000476316";"Template Exceptions";NULL;NULL;"Template Exceptions"
"8554";"2000476317";"Template Exceptions";NULL;NULL;"Template Exceptions"
"8555";"2000476318";"Verify";"MARUTHI RADIUM DECORATORS";NULL;"Verify"
"8556";"2000476319";"Approved";"Vasco Scientifics Pvt Ltd";NULL;"Verify,Approved"
"8557";"2000476320";"Template Exceptions";NULL;NULL;"Template Exceptions"
"8558";"2000476321";"Template Exceptions";NULL;NULL;"Template Exceptions"
"8559";"2000476322";"Template Exceptions";NULL;NULL;"Template Exceptions"
"8560";"2000476323";"Verify";"Vasco Scientifics Pvt Ltd";NULL;"Verify"
"8561";"2000476324";"Template Exceptions";NULL;NULL;"Template Exceptions"
"8562";"2000476325";"Template Exceptions";NULL;NULL;"Template Exceptions"
"8563";"2000476326";"Verify";"MARUTHI RADIUM DECORATORS";NULL;"Verify"
"8564";"2000476327";"Verify";"MARUTHI RADIUM DECORATORS";NULL;"Verify"
"8565";"2000476328";"Template Exceptions";NULL;NULL;"Template Exceptions"
"8566";"2000476329";"Template Exceptions";NULL;NULL;"Template Exceptions"
"8567";"2000476330";"Template Exceptions";NULL;NULL;"Template Exceptions"
"8568";"2000476331";"Template Exceptions";NULL;NULL;"Template Exceptions"
"8569";"2000476332";"Template Exceptions";NULL;NULL;"Template Exceptions"
"8570";"2000476333";"Template Exceptions";NULL;NULL;"Template Exceptions"
"8571";"2000476334";"Template Exceptions";NULL;NULL;"Template Exceptions"
"8572";"2000476335";"Template Exceptions";NULL;NULL;"Template Exceptions"
"8573";"2000476336";"Template Exceptions";NULL;NULL;"Template Exceptions"
"8574";"2000476337";"Template Exceptions";NULL;NULL;"Template Exceptions"
"8575";"2000476338";"Template Exceptions";NULL;NULL;"Template Exceptions"
"8576";"2000476339";"Template Exceptions";NULL;NULL;"Template Exceptions"
"8577";"2000476340";"Template Exceptions";NULL;NULL;"Template Exceptions"
"8578";"2000476341";"Template Exceptions";NULL;NULL;"Template Exceptions"
"8579";"2000476342";"Template Exceptions";NULL;NULL;"Template Exceptions"
"8580";"2000476343";"Verify";"Pall India Pvt Ltd";NULL;"Verify"
"8581";"2000476344";"Template Exceptions";NULL;NULL;"Template Exceptions"
"8582";"2000476345";"Template Exceptions";NULL;NULL;"Template Exceptions"
"8583";"2000476346";"Template Exceptions";NULL;NULL;"Template Exceptions"
"8584";"2000476347";"Template Exceptions";NULL;NULL;"Template Exceptions"
"8585";"2000476348";"Template Exceptions";NULL;NULL;"Template Exceptions"
"8586";"2000476349";"Verify";"AJ Enterprises";NULL;"Verify"
"8587";"2000476350";"Approved";"Vasco Scientifics Pvt Ltd";NULL;"Verify,Approved"
"8588";"2000476351";"Verify";"Ellenbarrie Industrial Gases Ltd";NULL;"Verify"
"8589";"2000476352";"Verify";"Bilcare Limited";NULL;"Verify"
"8590";"2000476353";"Template Exceptions";NULL;NULL;"Template Exceptions"
"8591";"2000476354";"Approved";"Vasco Scientifics Pvt Ltd";NULL;"Verify,Approved"
"8592";"2000476355";"Verify";"AZTEC Consulting";NULL;"Verify"
"8593";"2000476391";"Template Exceptions";NULL;NULL;"Template Exceptions"
"8594";"2000476393";"Verify";"Planatec Lab Solutions";NULL;"Verify"
"8595";"2000476394";"Verify";"Ram-Nath and Co. Pvt. Ltd.";NULL;"Verify"
"8596";"2000476395";"Verify";"YMC India Pvt Ltd";NULL;"Verify"
"8597";"2000476396";"Template Exceptions";NULL;NULL;"Template Exceptions"
"8598";"2000476397";"Template Exceptions";NULL;NULL;"Template Exceptions"
"8599";"2000476398";"Template Exceptions";NULL;NULL;"Template Exceptions"
"8600";"3000001296";"Template Exceptions";NULL;NULL;"Template Exceptions"
"8601";"2000476401";"Verify";"Armstrong International Pvt. Ltd.";NULL;"Verify"
"8602";"2000476399";"Approved";"YMC India Pvt Ltd";NULL;"Verify,Approved"
"8603";"2000476400";"Verify";"Vasco Scientifics Pvt Ltd";NULL;"Verify"
"8604";"2000476402";"Template Exceptions";NULL;NULL;"Template Exceptions"
"8605";"2000476403";"Verify";"Armstrong International Pvt. Ltd.";NULL;"Verify"
"8606";"2000476404";"Template Exceptions";NULL;NULL;"Template Exceptions"
"8607";"2000476405";"Template Exceptions";NULL;NULL;"Template Exceptions"
"8608";"2000476406";"Verify";"Randstad India Private Limited";NULL;"Verify"
"8609";"2000476407";"Verify";"Armstrong International Pvt. Ltd.";NULL;"Verify"
"8610";"2000476408";"Verify";"Rama Enterprises";NULL;"Verify"
"8611";"2000476409";"Verify";"Venchars Media Communication";NULL;"Verify"
"8612";"2000476410";"Verify";"Armstrong International Pvt. Ltd.";NULL;"Verify"
"8613";"2000476411";"Template Exceptions";NULL;NULL;"Template Exceptions"
"8614";"2000476412";"Approved";"Vasco Scientifics Pvt Ltd";NULL;"Verify,Approved"
"8615";"2000476413";"Template Exceptions";NULL;NULL;"Template Exceptions"
"8616";"2000476414";"Verify";"Sree Sannidi Associates";NULL;"Verify"
"8617";"2000476415";"Template Exceptions";NULL;NULL;"Template Exceptions"
"8618";"2000476416";"Verify";"Triveni Polymers Pvt Ltd";NULL;"Verify"
"8619";"2000476417";"Template Exceptions";NULL;NULL;"Template Exceptions"
"8620";"2000476418";"Template Exceptions";NULL;NULL;"Template Exceptions"
"8621";"2000476419";"Template Exceptions";NULL;NULL;"Template Exceptions"
"8622";"2000476420";"Verify";"Vasco Scientifics Pvt Ltd";NULL;"Verify"
"8623";"2000476421";"Template Exceptions";NULL;NULL;"Template Exceptions"
"8624";"2000476422";"Verify";"Spincotech Private Limited";NULL;"Verify"
"8625";"2000476423";"Verify";"Smart Labtech Pvt.Ltd.";NULL;"Verify"
"8626";"2000476424";"Verify";"DORMAKABA INDIA PRIVATE LIMITED";NULL;"Verify"
"8627";"2000476425";"Approved";"Smart Labtech Pvt.Ltd.";NULL;"Verify,Approved"
"8628";"2000476426";"Verify";"DORMAKABA INDIA PRIVATE LIMITED";NULL;"Verify"
"8629";"2000476427";"Verify";"Croda India Company Private Limited";NULL;"Verify"
"8630";"2000476428";"Approved";"Smart Labtech Pvt.Ltd.";NULL;"Verify,Approved"
"8631";"2000476429";"Approved";"Smart Labtech Pvt.Ltd.";NULL;"Verify,Approved"
"8632";"2000476430";"Approved";"Smart Labtech Pvt.Ltd.";NULL;"Verify,Approved"
"8633";"2000476431";"Approved";"Smart Labtech Pvt.Ltd.";NULL;"Verify,Approved"
"8634";"2000476432";"Template Exceptions";NULL;NULL;"Template Exceptions"
"8635";"2000476433";"Approved";"Smart Labtech Pvt.Ltd.";NULL;"Verify,Approved"
"8636";"2000476434";"Approved";"Smart Labtech Pvt.Ltd.";NULL;"Verify,Approved"
"8637";"2000476435";"Approved";"Smart Labtech Pvt.Ltd.";NULL;"Verify,Approved"
"8638";"2000476436";"Verify";"Usha Fire Safety Equipments Pvt Ltd";NULL;"Verify"
"8639";"2000476437";"Approved";"Smart Labtech Pvt.Ltd.";NULL;"Verify,Approved"
"8640";"2000476438";"Verify";"Usha Fire Safety Equipments Pvt Ltd";NULL;"Verify"
"8641";"2000476439";"Verify";"Nano-Mag Technologies Pvt Ltd";NULL;"Verify"
"8642";"2000476440";"Verify";"Usha Fire Safety Equipments Pvt Ltd";NULL;"Verify"
"8643";"2000476441";"Verify";"Bholeshwar Engineers";NULL;"Verify"
"8644";"2000476442";"Approved";"Smart Labtech Pvt.Ltd.";NULL;"Verify,Approved"
"8645";"2000476443";"Approved";"Smart Labtech Pvt.Ltd.";NULL;"Verify,Approved"
"8646";"2000476444";"Verify";"Bholeshwar Engineers";NULL;"Verify"
"8647";"2000476445";"Approved";"Smart Labtech Pvt.Ltd.";NULL;"Verify,Approved"
"8648";"2000476446";"Template Exceptions";NULL;NULL;"Template Exceptions"
"8649";"2000476447";"Template Exceptions";NULL;NULL;"Template Exceptions"
"8650";"2000476448";"Verify";"Smart Labtech Pvt.Ltd.";NULL;"Verify"
"8651";"2000476449";"Verify";"Smart Labtech Pvt.Ltd.";NULL;"Verify"
"8652";"2000476450";"Template Exceptions";NULL;NULL;"Template Exceptions"
"8653";"2000476451";"Verify";"Smart Labtech Pvt.Ltd.";NULL;"Verify"
"8654";"2000476452";"Verify";"Hi- Tech Equipments & Fabrication ";NULL;"Verify"
"8655";"2000476453";"Verify";"Smart Labtech Pvt.Ltd.";NULL;"Verify"
"8656";"2000476454";"Verify";"Hi- Tech Equipments & Fabrication ";NULL;"Verify"
"8657";"2000476455";"Verify";"Smart Labtech Pvt.Ltd.";NULL;"Verify"
"8658";"2000476456";"Template Exceptions";NULL;NULL;"Template Exceptions"
"8659";"2000476457";"Verify";"Smart Labtech Pvt.Ltd.";NULL;"Verify"
"8660";"2000476458";"Template Exceptions";NULL;NULL;"Template Exceptions"
"8661";"2000476459";"Verify";"Smart Labtech Pvt.Ltd.";NULL;"Verify"
"8662";"2000476460";"Verify";"Smart Labtech Pvt.Ltd.";NULL;"Verify"
"8663";"2000476461";"Verify";"Smart Labtech Pvt.Ltd.";NULL;"Verify"
"8664";"2000476462";"Verify";"Usha Fire Safety Equipments Pvt Ltd";NULL;"Verify"
"8665";"2000476463";"Verify";"Usha Fire Safety Equipments Pvt Ltd";NULL;"Verify"
"8666";"2000476464";"Verify";"Usha Fire Safety Equipments Pvt Ltd";NULL;"Verify"
"8667";"2000476465";"Verify";"Usha Fire Safety Equipments Pvt Ltd";NULL;"Verify"
"8668";"2000476466";"Verify";"MB Enterprises";NULL;"Verify"
"8669";"2000476467";"Verify";"Usha Fire Safety Equipments Pvt Ltd";NULL;"Verify"
"8670";"2000476468";"Verify";"i Care Electricals";NULL;"Verify"
"8671";"2000476469";"Verify";"MB Enterprises";NULL;"Verify"
"8672";"2000476470";"Verify";"Vasco Scientifics Pvt Ltd";NULL;"Verify"
"8673";"2000476471";"Template Exceptions";NULL;NULL;"Template Exceptions"
"8674";"2000476472";"Verify";"MB Enterprises";NULL;"Verify"
"8675";"2000476473";"Verify";"MB Enterprises";NULL;"Verify"
"8676";"2000476474";"Verify";"MB Enterprises";NULL;"Verify"
"8677";"2000476475";"Verify";"Honeywell Automation India Limited";NULL;"Verify"
"8678";"2000476476";"Verify";"S.M Scientific";NULL;"Verify"
"8679";"2000476477";"Verify";"Cbre South Asia Pvt Ltd";NULL;"Verify"
"8680";"2000476478";"Verify";"Vasco Scientifics Pvt Ltd";NULL;"Verify"
"8681";"2000476479";"Template Exceptions";NULL;NULL;"Template Exceptions"
"8682";"2000476480";"Verify";"Cbre South Asia Pvt Ltd";NULL;"Verify"
"8683";"2000476481";"Verify";"Vasco Scientifics Pvt Ltd";NULL;"Verify"
"8684";"2000476482";"Template Exceptions";NULL;NULL;"Template Exceptions"
"8685";"2000476483";"Verify";"Vasco Scientifics Pvt Ltd";NULL;"Verify"
"8686";"2000476484";"Verify";"Usha Fire Safety Equipments Pvt Ltd";NULL;"Verify"
"8687";"2000476485";"Verify";"Armstrong International Pvt. Ltd.";NULL;"Verify"
"8688";"2000476486";"Verify";"Vasco Scientifics Pvt Ltd";NULL;"Verify"
"8689";"2000476487";"Template Exceptions";NULL;NULL;"Template Exceptions"
"8690";"2000476488";"Verify";"Temple Packaging Pvt Ltd";NULL;"Verify"
"8691";"2000476489";"Verify";"Temple Packaging Pvt Ltd";NULL;"Verify"
"8692";"2000476490";"Verify";"Temple Packaging Pvt Ltd";NULL;"Verify"
"8693";"2000476491";"Verify";"Temple Packaging Pvt Ltd";NULL;"Verify"
"8694";"2000476492";"Verify";"Vasco Scientifics Pvt Ltd";NULL;"Verify"
"8695";"2000476493";"Verify";"Temple Packaging Pvt Ltd";NULL;"Verify"
"8696";"2000476494";"Verify";"Armstrong International Pvt. Ltd.";NULL;"Verify"
"8697";"2000476495";"Template Exceptions";NULL;NULL;"Template Exceptions"
"8698";"2000476496";"Verify";"Vasco Scientifics Pvt Ltd";NULL;"Verify"
"8699";"2000476497";"Verify";"Armstrong International Pvt. Ltd.";NULL;"Verify"
"8700";"2000476498";"Verify";"Vasco Scientifics Pvt Ltd";NULL;"Verify"
"8701";"2000476499";"Verify";"Sri Venkatesa Packaging Industry";NULL;"Verify"
"8702";"2000476500";"Verify";"Sri Venkatesa Packaging Industry";NULL;"Verify"
"8703";"2000476501";"Verify";"Honeywell Automation India Limited";NULL;"Verify"
"8704";"2000476502";"Verify";"Pragati Pack (India) Pvt Ltd";NULL;"Verify"
"8705";"2000476503";"Verify";"Armstrong International Pvt. Ltd.";NULL;"Verify"
"8706";"2000476505";"Template Exceptions";NULL;NULL;"Template Exceptions"
"8707";"2000476506";"Verify";"Pragati Pack (India) Pvt Ltd";NULL;"Verify"
"8708";"2000476507";"Verify";"Temple Packaging Pvt Ltd";NULL;"Verify"
"8709";"2000476508";"Template Exceptions";NULL;NULL;"Template Exceptions"
"8710";"2000476509";"Verify";"Bholeshwar Engineers";NULL;"Verify"
"8711";"2000476510";"Template Exceptions";NULL;NULL;"Template Exceptions"
"8712";"2000476511";"Verify";"Satya Lakshmi Engineering.";NULL;"Verify"
"8713";"2000476512";"Verify";"Saksham Innovations Pvt Ltd";NULL;"Verify"
"8714";"2000476513";"Verify";"Satya Lakshmi Engineering.";NULL;"Verify"
"8715";"2000476514";"Verify";"Satya Lakshmi Engineering.";NULL;"Verify"
"8716";"2000476515";"Verify";"Hetero Drugs Limited";NULL;"Verify"
"8717";"2000476516";"Verify";"Satya Lakshmi Engineering.";NULL;"Verify"
"8718";"2000476517";"Verify";"Medilux Laboratories Pvt Ltd";NULL;"Verify"
"8719";"2000476518";"Verify";"Satya Lakshmi Engineering.";NULL;"Verify"
"8720";"2000476519";"Template Exceptions";NULL;NULL;"Template Exceptions"
"8721";"2000476520";"Verify";"Satya Lakshmi Engineering.";NULL;"Verify"
"8722";"2000476521";"Template Exceptions";NULL;NULL;"Template Exceptions"
"8723";"2000476522";"Verify";"Exemed Pharmaceuticals";NULL;"Verify"
"8724";"2000476523";"Verify";"Exemed Pharmaceuticals";NULL;"Verify"
"8725";"2000476524";"Verify";"Exemed Pharmaceuticals";NULL;"Verify"
"8726";"2000476525";"Template Exceptions";NULL;NULL;"Template Exceptions"
"8727";"2000476526";"Verify";"Exemed Pharmaceuticals";NULL;"Verify"
"8728";"2000476527";"Verify";"Satya Lakshmi Engineering.";NULL;"Verify"
"8729";"2000476528";"Verify";"Venchars Media Communication";NULL;"Verify"
"8730";"3000001349";"Template Exceptions";NULL;NULL;"Template Exceptions"
